CustomerID,Total_Orders,Total_Spent
14646,73,258710.77
18102,55,192580.17
17450,42,176527.17
16446,2,168472.5
12415,20,111675.13
14911,195,109725.2
14156,52,91441.68
17511,31,82628.52
12346,1,77183.6
16029,62,71848.29
13694,50,62921.12
16684,28,59302.96
15311,91,55431.8
15769,25,54652.52
13089,89,48246.23
14298,44,47804.75
12931,15,38705.26
17949,35,36338.83
14096,17,36030.659999999996
15749,3,35757.3
16422,51,34684.4
16013,47,34076.52
13798,57,33882.25
15838,19,33643.08
17841,124,32472.55
17404,13,31241.32
14088,13,30031.82
14680,16,28388.71
15061,44,27887.84
12748,202,26746.92
16333,22,26626.8
17857,23,26409.54
13408,61,26049.34
13777,33,25956.96
13081,11,25463.48
13098,28,22779.34
16210,17,20276.3
12753,6,19292.49
17381,29,18949.61
12901,26,17293.04
17675,31,16808.03
12678,9,16203.36
12921,37,15606.99
15039,45,15573.64
17389,28,15448.08
17677,27,15432.98
13881,20,15431.62
15856,27,15415.19
13767,36,14668.06
15159,28,14466.71
14607,13,14126.3
17428,28,14017.95
12731,12,13748.21
16839,34,13124.65
14866,11,12970.6
16133,33,12911.49
12433,7,12649.97
17735,19,12615.42
15189,41,12089.54
12557,5,11990.960000000001
12471,27,11718.2
12939,8,11581.8
12681,22,10959.94
12621,20,10868.62
12971,86,10652.56
16000,2,10391.2
13078,26,10110.49
16180,8,10080.88
15513,18,10046.82
12682,31,10026.02
17340,11,9932.94
16705,19,9929.14
15640,15,9827.66
15125,15,9813.38
14051,22,9810.59
16843,16,9810.32
17581,24,9793.69
14031,16,9734.81
13001,13,9684.42
13319,26,9680.3
16779,22,9622.92
16525,26,9440.25
15078,31,9421.06
14194,20,9336.77
14062,11,9314.05
14258,8,9293.8
15615,23,9280.04
13340,7,9242.08
12540,17,8921.49
13458,14,8853.97
12409,3,8837.47
12590,1,8728.36
14606,90,8667.8
17306,19,8631.31
17017,20,8626.26
17865,19,8570.02
14769,8,8501.13
14895,19,8495.46
15251,11,8453.14
18139,6,8438.34
16656,15,8436.3
15498,24,8218.2
12477,6,8112.54
12451,5,8111.67
15482,11,8064.2
13969,18,7992.57
14367,16,7957.27
15358,22,7955.1
17139,12,7783.62
14667,25,7739.09
13629,11,7737.01
13199,36,7732.22
18092,11,7632.16
14796,17,7556.04
16558,20,7393.24
14849,25,7271.59
17706,17,7200.59
14733,12,7178.26
16745,17,7093.25
13488,13,7045.51
13985,15,7003.2300000000005
12798,3,6977.04
15194,15,6917.83
13027,6,6912.0
13263,34,6829.4800000000005
12830,6,6814.64
16729,20,6787.23
12567,10,6753.68
16532,3,6748.8
12744,4,6738.09
13018,28,6729.6
16187,15,6617.04
16523,19,6612.69
16353,23,6607.01
17811,39,6596.97
16182,4,6587.8
15290,18,6543.97
17243,26,6529.2
16033,20,6515.77
14961,9,6406.68
13576,18,6391.74
12683,14,6386.07
18172,19,6320.68
12474,18,6317.74
12583,15,6316.13
16672,20,6312.84
15249,13,6299.86
14952,10,6169.14
17416,7,6098.22
17509,8,6083.64
13113,24,6066.46
17107,5,6045.83
12709,15,6030.42
14060,19,6018.0199999999995
15939,14,5992.76
14101,6,5976.79
18223,14,5962.74
12766,7,5935.88
16923,19,5842.53
16873,6,5823.22
17338,8,5820.84
14057,16,5798.51
13225,7,5788.84
16126,4,5781.07
14056,23,5755.76
16746,18,5721.16
13102,24,5707.09
13668,21,5622.43
13316,4,5621.18
14936,7,5620.37
15005,28,5541.2699999999995
13178,11,5534.67
13324,10,5524.75
16553,12,5507.32
12472,7,5501.61
14110,12,5484.15
15601,14,5455.46
13093,8,5452.67
12839,14,5384.22
15382,6,5370.81
12705,8,5363.64
13209,8,5361.16
17315,35,5357.93
18055,10,5352.54
17716,11,5351.29
14944,12,5340.7
12626,9,5306.43
14688,21,5291.55
13418,18,5284.03
14415,13,5282.72
13004,17,5268.41
15144,16,5257.64
13871,13,5202.2
16303,3,5191.13
16767,11,5188.16
18198,17,5181.06
12431,15,5175.65
13534,24,5173.88
16713,15,5135.93
18225,12,5100.51
12637,8,5094.1
15044,17,5040.28
13709,13,5038.85
16814,21,5027.6
13756,14,5023.02
18226,11,5021.25
14735,31,5015.04
15805,17,5012.73
12357,1,4999.67
16191,13,4978.22
15502,9,4961.03
17396,6,4951.8
17730,13,4947.88
14049,4,4942.07
15032,2,4935.25
17133,7,4892.24
12428,8,4890.11
16652,6,4886.42
15023,11,4878.66
13941,5,4864.96
16700,13,4857.85
14505,8,4854.13
13050,17,4847.01
17757,30,4836.44
13269,15,4816.58
18229,20,4815.7
15903,7,4810.5599999999995
17602,6,4795.37
15738,16,4778.5199999999995
15218,11,4740.54
18118,26,4739.28
13090,13,4736.26
13599,21,4724.57
12490,10,4717.43
16722,13,4717.31
16609,7,4695.86
16258,5,4658.31
12720,25,4648.83
12955,11,4637.76
16161,19,4601.22
15046,15,4584.5199999999995
15150,10,4549.18
15719,13,4525.22
17365,8,4473.51
14709,13,4468.04
16701,13,4450.85
14135,15,4440.31
14191,13,4436.06
14159,11,4431.55
17652,12,4428.32
14286,3,4422.3
12664,9,4391.88
15727,7,4336.46
18251,1,4314.72
13069,24,4250.24
13097,10,4240.35
17068,21,4238.99
17049,9,4231.93
16945,19,4228.6
16931,21,4227.77
14189,15,4209.88
14390,9,4209.77
15301,12,4208.4
13013,13,4201.19
15971,12,4199.85
13468,37,4197.12
15298,12,4192.2
14755,11,4178.53
12481,10,4161.42
12362,10,4153.88
16265,9,4144.85
15786,3,4128.9
17426,6,4127.81
12700,4,4114.74
17850,34,4114.66
15547,13,4108.6
14527,54,4103.29
16401,12,4098.32
17686,7,4080.26
15955,14,4072.11
14085,18,4068.59
13139,7,4034.4900000000002
14329,7,4034.09
12989,13,4019.95
15555,16,3999.56
12347,7,3981.15
17613,14,3980.95
14292,9,3960.73
12867,7,3953.69
12757,8,3947.55
13854,25,3944.92
12539,4,3922.8
14562,18,3916.77
12688,1,3881.26
14800,12,3880.64
16592,16,3871.43
15195,1,3861.0
13802,3,3856.92
12752,1,3851.08
12627,6,3847.78
14004,7,3847.54
17719,15,3847.2400000000002
12714,5,3847.01
14092,14,3829.21
13384,7,3826.28
12476,10,3819.27
15529,11,3817.65
18109,25,3815.77
17567,8,3811.48
15694,13,3802.2
12755,2,3802.0
17651,10,3801.75
16186,12,3783.09
18041,21,3745.32
14145,4,3742.2
13183,9,3736.13
12536,1,3714.21
13555,4,3706.28
14282,15,3701.44
14426,9,3694.37
17364,11,3673.63
14739,7,3667.98
13266,12,3667.81
14525,9,3658.0
13267,18,3634.99
17809,9,3634.11
16168,26,3627.4
16253,2,3626.86
12524,8,3618.77
17001,11,3614.32
18079,4,3613.15
15152,13,3604.99
13680,4,3602.27
15034,8,3599.11
12841,25,3594.43
13435,7,3589.79
16440,5,3587.27
12957,8,3575.04
17091,9,3559.61
17377,20,3549.12
12949,8,3545.92
14422,6,3545.19
14146,5,3543.55
16327,6,3538.47
14132,11,3538.23
16670,11,3537.65
12378,1,3532.42
13999,12,3525.21
15544,9,3521.21
13137,8,3520.69
18073,12,3519.3199999999997
13953,7,3515.68
16145,11,3512.49
14401,13,3496.88
13327,8,3487.07
16458,18,3482.7400000000002
15874,7,3481.83
16984,2,3479.42
17975,13,3473.31
17160,6,3471.53
13815,4,3468.06
14547,8,3466.8
13082,8,3459.2799999999997
17203,6,3455.88
17920,17,3452.05
17419,12,3434.02
17669,7,3406.72
17593,5,3401.66
15379,7,3401.04
17061,11,3398.08
15484,4,3390.31
12484,4,3384.92
16549,10,3382.35
13988,6,3381.36
15299,5,3379.16
15804,13,3367.64
14364,8,3338.75
17173,8,3318.7
12437,18,3306.16
17238,17,3299.15
15129,11,3298.55
12435,2,3296.14
16011,16,3281.91
14291,11,3277.1
12662,11,3277.03
17723,6,3276.4
12500,11,3265.0699999999997
15845,8,3262.77
17769,10,3257.53
17611,15,3243.82
17858,11,3233.8599999999997
15514,11,3232.12
13198,6,3226.49
16242,7,3210.51
17491,10,3206.27
15113,3,3205.0099999999998
18087,1,3202.92
15570,12,3202.37
13334,3,3192.87
17690,15,3183.4
16717,6,3181.88
16626,16,3180.65
14277,3,3179.45
17725,11,3173.38
15416,4,3154.82
13505,4,3145.93
12553,10,3143.28
13124,3,3140.7799999999997
16655,6,3136.22
13868,2,3132.09
17183,6,3125.91
13448,6,3123.94
12370,4,3123.39
13685,7,3119.44
16818,11,3118.42
12656,5,3117.67
13426,10,3109.22
12406,2,3097.6
15228,4,3097.51
13135,1,3096.0
17685,7,3092.18
16570,9,3087.8
17758,8,3081.55
13381,6,3080.5099999999998
14907,7,3077.6
12910,8,3075.04
12359,4,3073.63
14534,18,3060.18
12594,9,3059.87
17863,6,3058.0
13268,11,3048.0
12643,6,3043.64
14503,6,3041.56
16393,13,3040.96
12562,7,3033.54
14395,9,3022.21
12754,3,3010.7400000000002
16678,12,3006.39
16360,6,3002.01
17937,7,3000.12
12613,4,2997.58
18272,6,2996.08
14235,5,2989.7599999999998
12432,3,2973.52
15974,7,2957.75
14388,8,2954.44
15291,14,2954.25
14257,5,2952.72
13520,6,2952.55
15296,6,2948.86
13758,7,2944.35
13880,13,2932.42
15622,9,2931.31
12779,7,2919.0099999999998
13552,12,2918.97
15861,7,2916.27
15854,12,2913.37
14099,11,2896.12
15505,5,2891.86
16107,7,2889.16
16218,7,2889.08
18094,7,2887.9
14251,5,2879.7
16940,3,2879.53
15808,4,2874.62
15981,7,2868.48
17512,10,2863.79
14227,10,2854.81
12429,4,2852.7
16985,9,2843.02
16904,14,2836.25
13536,7,2833.39
13373,3,2833.25
14844,4,2831.11
15676,3,2831.06
12906,5,2824.36
14016,4,2805.66
17050,6,2799.74
18145,4,2795.8
17576,19,2795.18
14841,6,2787.36
14456,9,2777.53
12569,28,2777.29
17220,14,2767.85
12668,4,2767.8
14307,6,2766.52
15443,7,2761.54
15114,10,2760.56
17230,8,2759.96
15410,8,2759.94
12619,8,2749.66
15764,6,2739.32
16156,9,2733.64
15093,6,2732.52
12758,2,2727.99
12840,4,2726.77
13148,11,2724.61
17528,8,2723.15
14868,8,2710.84
12449,4,2706.84
14112,6,2706.5
14032,11,2702.09
12480,4,2697.88
16928,17,2697.65
17596,7,2693.14
18230,7,2688.7
16131,5,2688.64
17386,6,2686.42
15356,10,2682.93
12388,6,2669.06
13362,4,2669.04
13971,8,2664.56
12747,11,2640.26
12597,4,2635.12
17059,5,2632.44
14565,4,2632.07
13047,10,2630.34
13451,5,2621.06
13015,5,2618.64
12749,5,2613.83
16607,13,2608.66
15752,7,2606.65
15628,9,2606.14
15632,8,2605.51
14262,8,2601.23
12647,11,2596.57
14221,9,2590.55
18077,11,2584.41
14299,8,2584.27
13851,3,2580.56
17799,9,2575.32
16938,4,2569.23
13285,4,2566.02
15671,7,2564.73
16308,4,2560.0
12712,13,2558.78
15491,6,2556.94
16240,2,2556.85
17728,3,2551.7599999999998
13769,10,2546.86
14776,11,2538.2999999999997
15708,7,2538.1
14408,7,2536.83
14535,3,2536.19
14852,6,2530.44
14107,7,2525.93
17231,10,2522.67
13842,9,2515.12
12727,7,2513.45
15984,10,2507.18
16019,9,2506.79
14121,4,2505.2
12670,5,2499.55
13771,4,2492.2
14854,7,2484.08
15245,3,2481.84
16712,10,2478.46
13394,8,2476.07
17644,11,2475.69
15998,5,2471.67
13901,5,2463.75
18144,12,2461.35
16477,7,2459.21
17084,2,2458.54
13437,7,2453.51
12473,3,2452.23
12685,6,2451.33
13869,4,2450.55
13870,8,2450.14
16764,13,2448.95
16081,5,2432.47
12598,7,2431.43
16556,7,2430.84
12408,5,2430.11
17659,12,2429.21
13588,9,2428.05
17672,2,2423.02
13523,5,2421.18
13654,6,2416.93
13949,6,2414.8199999999997
12913,5,2413.13
14676,6,2412.24
12980,7,2412.0
13695,15,2411.13
12726,7,2411.1
14903,5,2398.88
15980,3,2398.86
12395,12,2382.03
13911,9,2374.81
14040,12,2371.32
14125,3,2364.23
13952,2,2360.171
13895,4,2355.52
16686,7,2353.13
14572,7,2349.54
13422,1,2344.2
18259,3,2338.6
16905,7,2331.13
14005,5,2327.52
17682,6,2326.73
13136,5,2324.01
17744,6,2322.4
15606,9,2322.36
17069,9,2321.1
17924,7,2318.7
17164,7,2317.45
15867,15,2311.89
12600,10,2311.04
14397,18,2310.86
15187,13,2310.08
14766,6,2302.72
13141,5,2300.85
13804,7,2297.09
15687,9,2296.4
18097,6,2295.7
18245,7,2293.31
17700,4,2291.44
14659,9,2284.03
17589,4,2282.57
13975,6,2276.74
16633,6,2275.35
16871,6,2267.24
14713,11,2264.75
16497,6,2259.29
16241,13,2255.21
14702,17,2252.79
14626,4,2248.97
15750,8,2247.5
12455,5,2244.06
15521,7,2241.65
13700,10,2240.13
16209,5,2227.72
15932,8,2226.97
15993,6,2224.32
18260,6,2219.4
17314,8,2219.22
17504,9,2217.63
13115,4,2214.88
16743,7,2213.13
13644,4,2212.81
15033,10,2211.98
14546,5,2211.03
13908,4,2208.6
14842,4,2207.54
13471,4,2207.09
17346,15,2205.18
16255,8,2200.86
13784,11,2198.34
15065,4,2196.88
15797,3,2192.4
15321,3,2192.26
16735,5,2180.51
17954,11,2179.33
17444,2,2173.4
15271,15,2170.54
14732,8,2167.9900000000002
12417,9,2163.3
13862,8,2158.36
12517,4,2157.6
13883,5,2155.93
16966,7,2154.9700000000003
17940,9,2152.1800000000003
14175,3,2150.9
12721,6,2150.53
12444,5,2147.56
12578,2,2142.46
14309,9,2137.13
15665,2,2135.61
15105,7,2134.33
15696,8,2130.51
16076,10,2130.28
14243,10,2129.82
12380,4,2124.41
16710,10,2122.69
14639,6,2117.44
17213,7,2117.23
15365,7,2115.72
17442,6,2114.71
12916,4,2112.1
18173,4,2106.84
18093,4,2106.52
16379,4,2106.4
18075,10,2106.0
18257,8,2102.68
17530,10,2102.12
14493,5,2099.59
12708,10,2097.11
16456,5,2095.88
14530,6,2094.51
14808,7,2093.1
15673,4,2093.08
15140,7,2083.75
18210,6,2082.38
17838,5,2066.55
13021,9,2064.08
12928,5,2062.7
16281,1,2062.06
12684,6,2056.63
16837,9,2055.18
17965,14,2052.64
13495,5,2044.87
13450,6,2043.72
13230,14,2038.83
12454,1,2038.64
12520,5,2036.56
16618,4,2036.04
14810,11,2035.53
13571,12,2028.39
16358,4,2027.5
12625,2,2026.92
17722,4,2023.24
16143,6,2023.19
13735,4,2022.5900000000001
15782,3,2021.6399999999999
14432,6,2021.25
15341,1,2020.52
15815,5,2020.5
17434,7,2009.52
15372,1,2007.4
15270,7,2004.49
18283,16,2002.63
16754,1,2002.4
12856,6,2000.83
16698,2,1998.0
15755,6,1996.0
12456,3,1990.94
14226,4,1990.09
14232,5,1989.52
14409,6,1989.5
14700,3,1989.45
14188,6,1988.56
15485,3,1988.1000000000001
12935,7,1987.6
14554,4,1986.09
15235,12,1982.16
14211,9,1981.35
14163,4,1980.71
17422,6,1979.37
14825,12,1979.31
14341,8,1970.63
13507,4,1968.51
17696,8,1966.21
13722,3,1963.96
16628,5,1963.05
17313,1,1961.6399999999999
13174,3,1956.47
13590,6,1956.42
18008,9,1952.29
16550,5,1949.82
13630,7,1948.98
14290,5,1938.5
14315,6,1935.73
17086,6,1933.33
15281,9,1931.1
15465,18,1929.67
14239,11,1927.65
13094,12,1927.32
16341,4,1925.67
12948,7,1925.0
15722,5,1923.76
13994,6,1923.34
15089,6,1920.29
14482,6,1918.6100000000001
14533,7,1917.92
17071,8,1911.78
12483,8,1910.98
14655,4,1903.98
17272,4,1903.53
18188,3,1901.24
12501,1,1895.94
13126,8,1893.19
13517,3,1887.3700000000001
15811,6,1887.02
15674,4,1885.44
14696,7,1884.45
16057,7,1883.62
13246,6,1878.07
16986,2,1873.2
17317,3,1870.74
16841,6,1869.82
18242,4,1866.64
12360,3,1866.56
17625,4,1864.9
12876,2,1863.42
12615,4,1862.79
14887,1,1862.0
17090,7,1861.6
17191,7,1861.23
12782,5,1860.77
17228,8,1856.19
13632,5,1851.73
17131,5,1851.22
13742,12,1849.67
13527,7,1849.16
15704,4,1847.57
16293,10,1845.49
17449,7,1844.36
12950,3,1843.0
16455,7,1841.18
14250,3,1837.05
12633,4,1831.08
15864,6,1828.92
15819,4,1828.65
18065,14,1827.98
17819,6,1827.8700000000001
15203,6,1827.8
16771,5,1826.66
15641,4,1823.6
14334,8,1819.96
17211,8,1819.62
14544,2,1818.45
13982,4,1816.1599999999999
13265,5,1815.96
14113,4,1815.42
17702,4,1807.87
13704,9,1805.91
18180,6,1805.5
14001,3,1803.68
18287,3,1803.28
15796,8,1801.96
14502,9,1801.78
13993,9,1799.81
14305,3,1798.46
15058,11,1797.99
14418,3,1796.7
18069,5,1795.54
13048,4,1793.91
12438,2,1793.8
17015,3,1793.76
12457,6,1789.63
14407,5,1789.53
12560,2,1786.96
18241,17,1786.6399999999999
16201,4,1785.22
14608,4,1785.15
17655,7,1784.84
14935,1,1784.71
16170,6,1784.2
13890,10,1781.46
16409,5,1776.78
17368,8,1773.82
15394,4,1773.44
15473,7,1771.2
13317,6,1768.63
15179,4,1765.35
15157,3,1763.57
17612,6,1762.15
16150,5,1760.32
17861,8,1760.08
16912,11,1754.68
17554,5,1752.35
16751,1,1752.22
13421,2,1751.46
12518,5,1750.09
13658,5,1749.77
17827,5,1745.3799999999999
15518,7,1745.25
17188,7,1745.23
12356,2,1744.6
16169,4,1744.22
17768,3,1744.05
16407,9,1742.83
17930,5,1740.48
17402,12,1740.35
12424,2,1740.11
17353,2,1740.0
16128,5,1739.47
14673,5,1736.4
16316,7,1733.46
15123,2,1733.41
16003,5,1733.37
12397,2,1732.45
17629,8,1727.12
15572,7,1723.47
16681,6,1722.64
16380,1,1721.3999999999999
17092,4,1719.88
15267,5,1717.36
17997,8,1715.66
17667,5,1715.31
13763,1,1714.96
16153,5,1712.53
17457,5,1712.2
17750,9,1710.45
17293,8,1710.3600000000001
14360,4,1710.13
17597,1,1707.92
13196,4,1704.03
17451,7,1701.5
16983,7,1699.62
17193,7,1699.3
14515,6,1697.19
13481,5,1696.06
17469,5,1695.97
13875,5,1695.74
16102,3,1692.34
16671,3,1692.27
17490,7,1692.22
13365,2,1690.37
17152,3,1689.5
12762,2,1686.02
14711,11,1682.8700000000001
16041,2,1679.4
15812,5,1675.34
13297,4,1673.45
16709,5,1671.67
17754,5,1664.65
14215,6,1662.77
15332,4,1661.06
13157,4,1660.72
13924,6,1659.1499999999999
16426,10,1657.16
15288,5,1655.22
17519,6,1653.22
17873,5,1652.08
17790,14,1649.9
13162,4,1648.49
17870,12,1647.49
15367,3,1646.99
16782,12,1645.4
15240,5,1644.42
16875,5,1643.83
14640,6,1641.88
15785,5,1641.67
14837,4,1637.0
14828,3,1636.56
18122,6,1634.21
18235,3,1633.98
15351,7,1632.86
15050,3,1631.8899999999999
13344,3,1631.79
14164,2,1631.77
14210,6,1631.24
12645,4,1631.18
17284,6,1630.48
15220,6,1626.96
14498,5,1626.57
12963,8,1622.78
13510,4,1621.16
17218,10,1618.72
17591,7,1617.07
17400,5,1616.54
14701,8,1614.74
13831,6,1613.3
17088,4,1611.1100000000001
16474,6,1610.8
17282,3,1608.66
15594,5,1608.33
14543,16,1608.09
17739,7,1605.75
15531,2,1605.04
18204,3,1604.0
12836,4,1603.56
15002,4,1602.36
15814,4,1602.23
13456,6,1595.12
13184,10,1593.4
15260,7,1590.77
17101,4,1590.28
17673,6,1588.22
15950,4,1586.91
13755,9,1584.16
15527,8,1583.63
12393,4,1582.6
15172,5,1579.2
15241,8,1578.49
14180,25,1578.32
13014,10,1578.23
17337,4,1576.91
14336,4,1575.11
14665,5,1572.35
14030,8,1571.79
18231,5,1570.22
18179,6,1567.92
13650,6,1567.29
17463,5,1566.26
12912,5,1563.3
14038,3,1560.38
12674,4,1559.6
16394,5,1555.34
13313,5,1555.32
17082,2,1554.3
17787,4,1549.59
13824,5,1542.74
17663,7,1542.36
14462,11,1541.72
18178,4,1536.56
14595,6,1535.8
12423,8,1535.61
15625,4,1534.26
13320,4,1532.2
13425,3,1524.01
14930,3,1517.41
13224,2,1517.05
13791,2,1516.0
16748,5,1515.9
18219,10,1515.12
16790,6,1513.82
12607,1,1513.66
15660,8,1510.56
16007,4,1510.41
15214,8,1509.59
14245,2,1504.0
13750,5,1502.96
15117,5,1498.73
17705,9,1496.72
14178,7,1495.86
12868,6,1495.01
12704,8,1494.64
17553,1,1487.6
15947,1,1485.84
15953,8,1482.58
14459,1,1481.22
14472,8,1480.17
16942,9,1479.19
13850,1,1478.98
13562,3,1478.3300000000002
14621,5,1477.76
17634,9,1476.84
12843,7,1475.91
16244,2,1475.05
12377,2,1472.52
16515,5,1470.19
12610,4,1467.1399999999999
13627,5,1463.87
15024,9,1463.38
14934,2,1463.34
14233,4,1462.72
16813,10,1459.73
16919,11,1457.8
15834,3,1457.45
14414,7,1457.18
16996,6,1456.96
14461,3,1456.81
12826,7,1452.22
13134,4,1452.08
15122,3,1449.08
14466,7,1448.7
13593,5,1446.33
13461,3,1445.0
16954,7,1444.1299999999999
14719,5,1443.39
15067,3,1442.56
12937,4,1442.52
16115,8,1437.93
12348,4,1437.24
12877,12,1436.47
14566,1,1432.0
13012,7,1430.19
15826,3,1429.81
17085,5,1429.3
17159,3,1426.83
12585,2,1425.0
16369,3,1424.66
16249,5,1422.97
15827,14,1422.74
13814,2,1420.62
12371,1,1420.31
15021,9,1419.17
13983,10,1417.48
16395,5,1417.21
14541,8,1415.55
14730,8,1415.22
12502,5,1414.42
15370,5,1414.2
12653,2,1408.85
13305,10,1408.21
16463,4,1405.4
15392,4,1405.33
16279,3,1400.8799999999999
13647,4,1399.6200000000001
12909,5,1398.47
14524,9,1397.88
16466,7,1396.56
13692,2,1394.52
15128,4,1393.3
17354,1,1393.06
16098,7,1392.13
12635,2,1391.93
13414,3,1390.5
18239,5,1390.31
17856,4,1390.28
13107,4,1389.6200000000001
16571,3,1388.3899999999999
16711,5,1388.23
15134,8,1387.99
14440,4,1383.53
15983,4,1383.27
12383,5,1382.96
13213,5,1379.28
13186,3,1375.14
14691,4,1372.85
14019,3,1372.21
14937,3,1371.08
14653,7,1365.9
17671,4,1365.51
16271,4,1364.89
14741,6,1363.94
15569,5,1362.96
14387,3,1361.25
17083,3,1358.08
13808,5,1358.06
18061,10,1355.31
16992,5,1354.96
17676,6,1354.68
16817,9,1352.35
13309,5,1352.34
14748,5,1352.15
17738,4,1350.25
13516,3,1348.41
14834,6,1348.3
18044,10,1348.2
14217,17,1347.83
13743,7,1341.6
18177,6,1340.8700000000001
13149,4,1340.86
15111,3,1339.68
12947,6,1338.59
13577,4,1338.5
16493,4,1336.68
16152,1,1335.1399999999999
12853,5,1332.4
14321,5,1332.4
14306,2,1329.52
14443,4,1328.0
12669,2,1327.48
17063,7,1326.94
14064,5,1326.39
14209,6,1323.78
12865,2,1322.78
14246,3,1322.26
16283,5,1321.71
16083,2,1317.62
14921,2,1316.07
17621,3,1315.1
12398,1,1311.76
16496,3,1310.87
14477,4,1309.6
13764,3,1309.52
16120,4,1309.14
16053,2,1308.65
13328,1,1308.48
16755,3,1303.18
17147,4,1302.34
13717,6,1299.86
12523,11,1298.07
15116,4,1298.0
14963,5,1294.99
15621,4,1293.03
12530,4,1292.88
13477,6,1292.1299999999999
15681,5,1291.66
13659,2,1291.5
17204,4,1290.26
12759,3,1288.59
13995,5,1288.14
15136,4,1286.7
15146,2,1284.76
14740,3,1283.86
15398,2,1283.6299999999999
18161,5,1282.54
13397,5,1281.53
16791,7,1281.13
16889,3,1279.72
16929,7,1279.49
15810,4,1279.43
13849,2,1279.0
15095,4,1278.5
15051,3,1276.11
17004,2,1274.6399999999999
17406,2,1273.97
12407,5,1273.92
15106,5,1271.12
16245,3,1270.66
14312,6,1270.19
12646,2,1268.92
16660,4,1267.65
12919,6,1266.49
17043,4,1266.48
14878,9,1264.79
16079,3,1264.2
14567,2,1257.96
14285,4,1256.6599999999999
13848,3,1255.0
14035,5,1253.97
14587,9,1252.99
15427,3,1251.14
15680,3,1249.23
15237,4,1246.72
16101,1,1246.7
12620,3,1246.16
12576,5,1244.03
17656,5,1243.69
14738,7,1243.5
17288,7,1242.83
17162,9,1242.26
17372,8,1240.98
15201,5,1236.54
16638,10,1232.47
18080,2,1231.5
12405,1,1229.19
13159,4,1227.45
14916,4,1227.03
15602,9,1225.82
14297,4,1225.73
15841,4,1224.06
17679,2,1222.86
16359,9,1219.32
18167,3,1218.96
14859,4,1217.84
16434,7,1217.45
14441,4,1216.74
16066,5,1214.14
16719,7,1213.62
13308,3,1213.41
15563,4,1213.29
18263,3,1213.16
16110,3,1212.2
14506,5,1211.1
14704,7,1211.06
15858,5,1210.07
16016,8,1209.61
16059,6,1208.76
13989,2,1203.73
12381,5,1200.96
13725,7,1200.06
17388,4,1196.96
15791,2,1196.69
15549,3,1196.11
14511,5,1195.46
12985,2,1195.18
15444,2,1193.26
13918,2,1192.94
13475,4,1191.98
16951,3,1190.1
14913,4,1189.18
14229,3,1189.0
14745,5,1188.46
13158,4,1187.56
12364,4,1186.2
12516,2,1186.06
15373,10,1185.21
15620,3,1184.93
17590,3,1183.92
15199,4,1183.7
16332,7,1183.5
12854,3,1178.1
15426,5,1175.22
16775,11,1171.16
17037,1,1169.62
16348,7,1164.55
14591,4,1163.86
17932,3,1163.52
17350,4,1163.32
14875,2,1159.67
14404,6,1159.37
15530,4,1158.16
17175,4,1157.14
17073,4,1156.94
16173,6,1156.17
15494,2,1152.78
15009,3,1152.33
14507,6,1151.38
18016,5,1149.96
16979,6,1148.85
14447,5,1147.33
12967,2,1146.4
16794,10,1145.8
12412,3,1142.8799999999999
16726,5,1142.59
17481,4,1141.8899999999999
15910,8,1140.33
14649,4,1139.29
15493,5,1138.06
15478,2,1135.07
17242,2,1135.04
17800,9,1134.76
16045,4,1133.4
16317,3,1133.25
16989,6,1133.25
15701,4,1133.1
15898,5,1130.78
12463,4,1129.3799999999999
13572,1,1129.05
18116,8,1128.61
16224,4,1126.45
14129,5,1123.86
16012,3,1123.79
17562,7,1122.38
17348,5,1121.2
14684,5,1121.11
13396,2,1119.59
13055,3,1118.86
16042,5,1118.67
15906,7,1118.09
12372,3,1116.54
17019,4,1115.28
13819,3,1114.85
17648,3,1113.0
16762,3,1110.34
13499,5,1105.21
17867,4,1104.67
12775,5,1102.74
12528,6,1100.78
14216,4,1098.7
13104,6,1098.48
17311,2,1097.6
17813,5,1097.47
13860,5,1097.3
13330,3,1096.98
13211,3,1095.42
17633,4,1094.84
16389,4,1094.07
16464,3,1093.81
12352,7,1093.44
12676,6,1091.3899999999999
14901,9,1091.19
14918,2,1091.1499999999999
15453,7,1090.37
16531,7,1090.04
16172,5,1089.71
14893,2,1088.55
16326,14,1088.32
16503,4,1083.78
13168,4,1083.39
13208,6,1082.5
14105,1,1081.73
15933,3,1081.61
13501,1,1080.42
13431,2,1080.0
14898,6,1079.86
13726,2,1079.66
18125,4,1079.4
15985,2,1078.72
12886,2,1077.3
13611,3,1076.85
15596,5,1075.59
12526,3,1074.46
16040,3,1074.3
12952,4,1072.89
14116,5,1072.54
17412,7,1072.06
16910,8,1071.21
14212,1,1070.48
15611,11,1069.35
17966,5,1068.93
12611,1,1068.52
17919,1,1065.24
17837,8,1065.18
16225,5,1064.37
15716,4,1063.46
12818,1,1062.48
16744,7,1062.36
12349,1,1061.65
12394,2,1060.58
13118,5,1058.46
17571,4,1057.72
15376,3,1053.21
14978,5,1052.8700000000001
13813,4,1050.26
16766,2,1050.2
13634,5,1049.91
12584,8,1049.8
14698,5,1049.07
15839,3,1048.49
16676,4,1048.28
17470,5,1045.57
17158,3,1044.77
17302,5,1044.48
14669,3,1043.79
16653,2,1043.31
16669,3,1042.08
12997,4,1041.49
17802,3,1037.09
16612,4,1036.76
13500,3,1036.57
16688,4,1035.86
17585,4,1035.1299999999999
12399,4,1033.65
13639,1,1033.34
16398,2,1032.45
15532,4,1032.38
18202,3,1031.99
17041,3,1031.69
14276,3,1028.99
15333,1,1028.56
15059,9,1028.1200000000001
12507,3,1027.31
14904,2,1025.44
14794,6,1025.31
13752,6,1024.73
14102,5,1021.8299999999999
16833,4,1021.53
13165,2,1021.48
14561,3,1021.11
13744,2,1021.02
18142,2,1019.52
13310,3,1015.73
14389,2,1014.46
12936,4,1013.9
14775,3,1011.9
17002,3,1009.98
17522,5,1009.76
16637,4,1009.72
17774,4,1007.83
15265,2,1006.82
14071,8,1003.62
13715,5,1003.29
13410,5,1003.06
15630,2,1001.15
13447,3,1000.89
15978,1,1000.18
15434,5,998.98
15734,2,998.85
13772,3,998.48
14383,3,997.0899999999999
14824,4,996.46
15987,7,995.37
12689,2,995.21
17505,2,994.24
13429,4,994.05
13486,3,993.21
17594,2,993.18
14759,3,991.57
16232,4,990.88
13253,2,990.6
14817,2,990.4399999999999
15073,3,990.21
14488,1,989.38
16918,6,986.52
13635,1,986.43
18130,3,984.24
13931,2,982.53
17042,5,981.58
12546,2,981.1
16160,2,980.74
17095,3,979.26
13232,7,979.0
14856,3,978.08
14560,17,977.67
13652,3,977.48
12885,3,977.22
15801,3,977.0
13026,5,975.36
14631,3,974.08
18194,1,973.84
14723,6,973.8100000000001
16086,5,972.94
13614,4,972.11
17828,4,972.09
15062,4,971.96
16563,1,971.9399999999999
17100,2,971.74
16370,4,970.96
18221,5,969.86
12657,3,969.0799999999999
15916,7,969.01
14419,6,968.99
15489,3,967.88
13719,5,965.93
14138,2,965.88
15133,3,965.42
13509,6,964.72
16533,3,963.3100000000001
12842,2,962.79
12783,4,962.72
17410,5,961.17
16950,3,959.26
16807,3,958.09
15730,3,957.83
17951,3,957.54
17720,4,956.74
13491,10,956.12
15948,2,955.24
17244,1,954.9
15449,3,954.62
12497,1,953.1
14293,4,951.16
15132,5,950.9300000000001
13521,3,950.78
15793,3,948.96
17044,1,948.48
17262,4,947.41
14465,3,947.09
13138,6,946.49
14006,3,946.24
13235,1,946.17
14045,3,945.75
14214,5,944.98
15712,5,944.66
15737,6,944.27
16980,2,944.11
16902,1,943.33
16639,3,942.76
12820,4,942.34
14267,3,940.4399999999999
16682,5,940.1
15289,3,939.78
12951,6,939.62
16801,4,937.73
17126,5,937.2
16842,3,935.49
12828,6,934.96
13761,2,934.65
16049,3,933.41
15608,4,933.28
12710,3,933.22
18133,1,931.5
12488,3,930.56
15411,4,929.6800000000001
12716,2,926.59
17135,5,926.38
16188,4,924.91
15312,4,924.85
13805,2,924.5999999999999
15813,2,924.16
13035,2,921.88
13984,5,920.51
16320,2,919.96
13075,1,919.61
16584,2,919.58
14446,4,918.7
17653,4,917.71
14015,1,917.34
17609,5,916.13
13878,1,914.82
15587,4,913.68
15364,2,913.19
12924,4,913.0
17584,2,911.4
12724,4,910.91
17552,4,910.51
13689,1,910.0
14737,3,909.55
14487,6,909.38
15253,5,908.25
15506,3,907.88
15654,2,907.53
14140,2,907.3
17323,7,906.52
15145,4,906.23
15306,3,905.1999999999999
12630,2,905.08
17324,4,904.53
16295,4,902.25
13110,7,902.02
16184,6,901.99
12494,7,901.75
14948,6,899.67
15605,5,897.68
17727,1,896.35
15227,5,896.1
18143,2,895.81
18168,6,892.54
12358,2,892.26
14712,3,891.5699999999999
18189,2,891.34
15436,3,890.5
14857,2,889.97
12599,7,888.5799999999999
16520,3,886.42
16175,4,885.09
16350,4,884.12
17047,3,882.9
16809,5,882.59
14971,3,882.58
15057,2,881.4
14410,9,880.77
15777,4,880.4100000000001
14075,3,878.66
17894,8,877.8100000000001
17537,2,877.72
15653,2,877.44
14403,3,876.71
15108,3,875.55
16513,4,874.59
14744,6,873.98
17829,1,873.34
13363,2,867.65
13882,5,866.78
14597,2,866.24
18237,5,866.15
15745,4,863.94
12770,1,863.4
16270,1,859.99
17227,6,859.82
14577,4,859.71
12822,2,859.08
14141,4,857.68
13979,1,857.37
17058,3,857.14
13564,2,855.63
16572,3,855.55
13991,6,852.88
17289,3,852.57
16070,2,852.15
13117,8,851.56
16376,2,850.86
17277,2,847.2
17731,4,846.0600000000001
12609,3,846.05
15977,2,845.63
16899,6,845.61
12354,1,845.25
14352,4,845.16
13467,2,845.01
15421,4,843.86
13155,4,843.06
12679,4,841.8199999999999
17320,3,841.72
16200,2,840.52
12794,2,840.51
14332,3,840.21
14449,4,840.05
12764,1,839.83
12878,2,839.09
12642,3,838.71
15500,4,838.0600000000001
16900,3,837.76
16657,4,836.68
17048,3,834.65
16094,4,834.63
15004,1,834.17
13515,4,833.82
16567,2,833.8
14583,5,832.46
13566,2,831.89
12857,2,831.15
13064,4,831.14
17961,37,830.84
13610,7,829.98
16880,7,829.53
17109,6,826.99
14708,3,826.9200000000001
16494,1,826.53
14161,3,826.42
15747,3,825.99
16108,1,825.5
13748,5,825.2
15508,6,823.72
16551,3,822.62
15497,2,822.4
14193,2,821.59
17724,3,820.2
12691,5,819.8
13203,4,819.56
17236,6,818.6800000000001
15192,3,818.52
14920,2,817.5699999999999
16121,2,817.51
17054,5,817.33
12534,1,816.23
15649,2,816.0
15329,3,815.95
15399,3,815.77
14346,2,814.58
13192,2,814.39
18064,2,814.0
16644,2,813.88
13038,3,811.66
16229,2,811.6
13122,2,811.49
12847,1,811.24
16276,1,810.5999999999999
12849,2,809.54
16020,3,809.01
15707,4,808.88
15832,1,807.59
14083,9,807.5
13376,3,807.31
16714,1,806.41
14434,5,806.4
15238,3,805.39
14912,2,803.05
17980,3,802.95
15835,4,802.09
15027,4,801.35
16085,5,799.46
14359,3,799.08
17703,3,798.74
15807,2,798.1
17704,2,796.59
16728,4,795.08
16800,1,794.4
14231,3,793.26
17097,8,792.77
18236,6,791.64
14931,4,790.88
13631,5,790.72
13151,1,790.37
14557,1,788.38
15576,1,788.37
15088,2,788.02
13323,5,787.85
12781,2,786.74
13655,2,785.62
14514,3,785.6
17096,4,785.28
14862,2,784.9
15806,3,784.58
13681,4,783.53
15069,1,782.98
16164,3,782.58
12994,3,782.52
15255,1,781.95
14584,4,781.8100000000001
16284,2,780.73
12722,2,780.6999999999999
16416,3,778.75
14815,2,778.5
17414,2,778.0
17646,3,777.84
16505,1,777.5999999999999
14428,5,777.51
17560,5,776.55
16062,4,775.52
16987,6,774.39
15679,4,773.78
13591,3,772.08
15076,1,771.3
16174,3,770.6
14522,3,768.74
17649,1,767.99
18136,3,767.3299999999999
15965,4,767.12
17695,2,765.34
14885,1,765.3199999999999
18171,5,765.11
18096,3,763.96
17268,4,763.64
17027,6,762.76
15156,3,762.39
14883,6,761.59
12769,1,761.4
16600,6,760.8199999999999
16747,2,760.81
12717,2,760.53
17566,2,759.97
14540,3,759.91
13549,7,759.45
12697,3,757.59
15907,3,757.32
15996,6,757.23
17405,3,754.26
13336,1,754.22
15860,8,752.8100000000001
15022,3,752.79
16092,3,752.56
16256,1,752.4300000000001
13720,4,751.5
12680,4,751.01
13200,4,750.79
12908,2,750.0
17921,4,748.73
18170,3,748.41
16546,2,747.35
14234,4,746.62
14050,2,746.36
14223,3,745.68
14573,9,745.37
16869,4,744.82
13934,1,742.4499999999999
14261,1,741.95
16221,3,741.76
15618,4,739.951
14224,4,739.03
12976,1,738.6
12514,1,737.98
17169,2,737.98
16205,4,737.73
14195,1,737.6
12458,2,736.4
13032,2,735.93
15074,1,735.67
13583,1,735.33
17624,2,734.93
12425,1,734.7
12446,1,734.36
16934,2,734.28
16146,3,734.13
17905,4,733.94
16460,3,733.68
15239,2,733.59
13846,3,733.16
17759,3,732.76
17007,6,732.63
12652,1,732.28
15644,4,732.09
16099,3,731.9
12541,3,731.13
13280,3,731.01
13109,2,730.34
18192,1,730.02
16730,3,729.21
14421,2,728.61
14623,5,727.65
13782,6,727.3100000000001
13354,1,727.03
17425,2,726.1700000000001
17692,4,725.04
17287,7,723.21
16036,2,723.1700000000001
12713,1,722.85
16438,5,721.6
14499,3,720.49
15252,2,719.93
15831,3,719.6899999999999
16027,6,718.87
15274,2,716.5699999999999
15400,5,716.2
17029,2,716.0
15079,3,715.91
12550,1,715.53
12628,3,715.46
15330,2,714.9599999999999
12815,2,713.16
15799,3,712.94
13375,1,712.9
12545,2,712.84
13147,4,712.8
13077,4,712.42
15855,5,712.24
13940,4,709.04
16140,2,708.18
17180,4,707.62
14657,4,707.37
14550,2,704.47
16949,6,704.22
15568,3,704.14
17006,4,703.9300000000001
16877,6,703.77
16624,2,703.47
16367,2,702.67
17666,2,702.6600000000001
16997,3,702.0
17179,3,701.84
12379,2,701.04
16511,3,700.23
13294,2,700.19
14439,1,700.0
13476,2,699.77
13637,3,699.6
14201,7,698.54
14829,4,697.55
17588,2,696.0
12462,2,695.24
13867,3,694.54
15787,3,694.31
16907,5,694.31
14758,4,694.26
16214,3,694.25
15053,3,693.95
13636,5,693.92
13037,3,693.37
15464,1,693.0
17886,3,692.33
17521,3,690.81
12572,2,690.57
16361,4,690.51
14081,2,690.32
18085,2,689.95
16470,4,689.52
16015,3,688.05
15599,2,684.89
15862,4,684.88
13956,5,684.82
16122,4,684.42
15164,3,684.08
16554,3,683.75
16770,5,683.05
18035,3,681.99
18135,5,681.91
15414,3,681.15
13131,3,680.8
12453,1,680.09
15990,2,679.96
13835,4,679.87
16043,4,676.74
14344,8,676.73
17884,4,676.62
16377,1,676.2
14126,3,676.18
16037,3,675.42
17934,2,674.8
16924,3,674.64
13575,5,674.57
17387,2,674.46
15757,2,674.42
17033,3,674.34
16362,5,673.34
14222,1,673.22
13601,2,673.07
16759,3,672.14
14475,3,670.05
15952,4,670.01
13016,3,668.84
17642,2,667.99
16491,1,667.8
17527,4,667.42
16347,2,667.3
17764,2,666.85
16309,2,666.77
14256,2,666.06
17516,5,665.63
16009,4,665.16
13040,2,664.49
18228,2,664.1
14959,4,663.62
15582,3,663.01
14240,2,661.74
16774,4,661.52
17214,6,661.42
13028,2,661.3199999999999
14790,4,660.06
14603,1,660.0
13249,3,659.66
13282,3,659.4399999999999
13389,3,659.26
17423,2,658.31
13662,3,657.96
13329,2,657.6
17299,4,656.61
17472,3,656.14
14923,1,656.0
13900,2,655.95
14154,2,655.92
14894,1,655.75
17461,3,655.27
14770,2,652.97
14548,2,652.8
16163,2,652.6
13884,4,651.5
17974,3,650.99
13524,5,650.18
12925,2,650.05
12465,2,649.79
15075,1,649.18
13799,2,649.06
17064,3,646.95
14009,2,646.81
13455,2,646.69
14803,3,646.65
12701,2,646.51
15651,3,646.3000000000001
14643,2,646.11
12422,3,645.31
17979,4,643.06
18218,2,641.92
13314,3,641.69
13707,2,641.36
17994,4,640.99
14301,1,640.14
16859,2,640.01
14111,4,639.75
14672,2,638.1
13823,2,637.91
17502,4,636.6
17312,3,636.35
15773,1,635.6800000000001
14000,1,635.66
16139,3,635.41
15197,3,634.71
14778,2,634.66
14055,1,633.74
12778,6,633.73
14150,2,633.64
13892,4,632.97
14220,2,632.4
16306,6,632.27
18156,2,632.24
17797,3,632.13
17618,3,631.93
17990,3,630.84
12510,2,630.37
14047,5,630.36
14687,1,628.38
13034,2,627.8199999999999
14451,2,626.9
15066,1,626.79
13236,2,626.65
12421,4,626.29
13853,1,625.24
14128,2,625.0
15297,3,624.94
16260,1,624.15
16431,3,623.28
17373,4,623.0699999999999
17777,3,622.76
13339,1,622.72
15626,2,622.5
16054,1,622.0
18217,2,621.75
17640,1,621.66
14152,2,621.29
14412,2,620.93
15110,4,620.4
14481,2,620.01
16419,6,619.51
15211,2,617.61
17075,4,617.5699999999999
16872,3,617.3199999999999
14905,2,616.15
14625,2,614.08
16560,2,613.16
14662,4,612.97
17462,2,612.44
15232,2,612.06
13430,2,611.45
13049,2,611.28
15071,2,610.6700000000001
15829,2,610.64
18082,1,610.64
15407,4,610.19
13810,2,609.16
15384,2,609.01
15571,4,608.9300000000001
15669,4,608.84
14754,2,608.3
14788,2,607.74
16449,2,606.54
13753,1,606.26
12728,4,606.13
15182,2,605.85
13233,2,605.12
13525,2,604.88
15581,11,603.93
13341,1,603.55
18121,2,603.3
16444,4,603.17
13240,4,602.2
17523,4,601.89
12772,1,601.8199999999999
14609,4,601.56
15706,3,600.96
16222,1,600.65
14382,1,599.54
15584,4,598.5600000000001
12434,2,597.84
13759,2,597.51
17459,2,597.35
14715,4,596.6800000000001
16539,4,596.36
17115,3,596.1
12640,3,596.03
16891,5,595.6800000000001
13914,2,595.2
16127,1,594.5
12723,4,594.37
17046,1,594.32
13492,3,594.24
13464,1,594.23
16383,2,594.01
15442,1,594.0
12917,1,594.0
16203,4,592.9
15104,2,592.49
15700,2,592.23
18149,3,592.18
16216,1,591.38
13270,1,590.0
17341,3,589.99
13350,2,588.27
15763,2,587.87
16311,2,587.61
13402,2,587.23
16806,4,586.91
16613,1,586.79
18022,1,586.77
16134,2,586.29
12468,2,585.89
13238,4,585.1800000000001
15222,1,585.0
13557,2,584.06
15658,4,583.85
15951,2,583.27
18248,2,583.22
14869,2,583.2
14756,1,582.96
13822,2,582.7
17734,3,581.83
12475,1,581.18
13596,2,580.66
16725,7,580.07
15480,1,579.25
13370,1,578.97
13167,4,578.78
12535,2,577.85
16969,3,577.76
15322,1,577.08
13416,2,576.5
17664,2,576.24
16788,2,575.94
12838,2,575.3
14400,1,574.7
18123,2,574.4399999999999
14020,2,574.4
14897,4,573.73
15103,2,573.46
18196,2,573.23
12879,3,573.22
14725,1,572.93
16157,3,572.09
17796,4,571.3
17616,3,571.1999999999999
16708,1,571.03
17105,2,570.98
15315,2,570.5
12649,3,569.51
17411,3,569.14
16235,4,568.71
15525,3,568.47
14664,2,566.59
16136,3,566.18
15244,2,565.17
12933,3,564.9300000000001
13736,2,563.95
17499,1,563.18
13427,3,562.7
13946,3,561.57
17507,2,561.23
16325,3,560.74
18151,2,560.7
14273,4,559.97
18265,2,559.11
14692,4,558.55
13258,3,558.03
16266,7,557.99
12577,3,557.15
16480,1,557.09
13355,1,556.8
15822,2,556.22
13548,2,555.86
18183,2,554.47
14891,2,554.38
14636,2,554.25
15028,4,553.48
12739,1,553.4399999999999
18150,3,553.0799999999999
16825,2,552.68
15366,2,552.56
16212,2,552.09
13894,3,551.87
13951,3,551.55
17674,2,551.04
17888,8,550.75
18095,2,550.2
15533,3,549.87
13518,1,549.36
14553,5,549.32
14179,2,548.67
13356,1,548.59
15353,2,548.27
13705,3,546.86
14997,3,546.2
17806,1,546.04
13730,2,545.95
16103,4,545.64
12413,3,545.2
17540,2,544.9
12872,2,544.62
15171,1,544.5
13963,4,544.14
14629,2,544.0600000000001
13221,2,543.71
13939,3,543.05
14529,3,542.96
15415,1,542.61
15656,4,542.4
13325,1,542.3
17812,4,540.91
15339,2,540.87
16014,3,540.33
17144,2,539.82
16261,4,539.34
15539,1,538.46
13301,4,538.34
15043,1,537.0
15645,1,536.71
13496,2,536.63
13607,1,536.5600000000001
12658,1,535.4
14710,4,535.38
13434,2,534.24
17443,1,534.24
17460,5,534.08
13217,3,533.98
16732,1,533.4
15433,2,533.3
15624,4,532.78
12374,1,531.73
15275,1,530.89
14467,4,530.01
14133,3,529.89
16882,3,529.47
17864,3,529.35
17733,2,528.51
13278,1,527.78
17658,2,527.42
13546,3,527.14
14651,2,526.95
14753,1,526.75
17447,2,526.53
14880,3,525.09
16365,7,524.77
17890,2,523.6899999999999
16357,3,523.6800000000001
14618,3,523.44
17034,3,523.42
16718,1,523.25
15648,2,523.2
18017,3,523.0
15800,2,522.79
16811,2,522.0699999999999
12965,1,521.96
14539,2,520.48
15636,2,520.06
12513,1,520.04
12944,2,519.81
12571,2,519.61
13950,4,519.26
14442,2,519.22
13311,2,518.8199999999999
15492,2,518.66
13558,4,518.62
16566,5,518.56
14867,3,517.78
14323,2,517.66
17466,2,516.88
16230,2,516.53
15882,4,516.36
14034,3,515.14
18211,5,515.07
14818,3,513.05
17805,1,512.31
13357,1,512.15
16916,2,511.86
17480,1,511.82
17397,2,511.71
13731,2,511.59
12940,2,511.24
16602,1,511.13
12673,2,510.92
13838,4,510.67
14592,3,510.04
13933,2,509.49
14675,1,509.15999999999997
15417,1,508.8
17391,2,508.8
13959,3,508.59000000000003
14023,2,508.57
13030,2,508.49
15677,1,508.18
18232,4,507.57
18160,2,507.36
14108,2,506.65999999999997
15402,2,506.52000000000004
16208,2,506.26
14167,4,506.09
14284,2,505.3
14014,1,505.18
12363,2,504.29999999999995
12991,2,503.76
14176,4,503.7
17970,1,503.49
16469,4,502.92
16442,3,502.9
16863,2,502.8
15795,1,502.36
16384,2,502.2
13247,4,501.12
16023,3,501.01
15389,1,500.0
16642,2,499.68
12654,5,499.33
12638,1,499.19
12521,1,499.03
12719,2,498.55
17259,2,497.93
14044,4,497.67
17119,2,496.51
16804,3,495.84000000000003
16268,2,495.2
16352,2,494.44
13379,3,494.36
17333,1,494.25
16561,2,494.12
12763,2,494.08
16056,1,493.5
17883,4,493.34000000000003
15561,4,493.19
12624,2,492.78
13388,2,491.95
13732,1,491.86
16734,3,491.31
14416,2,490.22
16206,4,490.21
17503,2,489.06
13318,3,488.86
16960,3,488.6
14976,6,487.06
13675,2,486.82
15287,2,486.69
17062,4,486.38
16573,2,486.26
12556,2,486.26
13153,1,486.22
12427,3,486.1
17420,3,485.08000000000004
16022,1,484.23
13321,2,483.96
15881,5,483.49
14450,3,483.25
12559,2,483.21
15762,2,482.95
17749,2,482.67
17298,2,482.52
13888,2,482.12
12694,2,481.71999999999997
15246,2,481.5
17557,3,481.26
15467,3,481.18
15215,3,480.74
14021,3,480.7
16109,2,480.48
15272,2,480.34000000000003
13243,1,480.02
14851,2,479.55
15452,3,478.93
13212,3,478.33
17014,3,478.03
17761,1,477.88
15743,4,477.41
17848,7,477.4
14198,4,477.3
13000,3,477.2
15919,2,476.99
12693,4,476.51
14127,3,476.01
16927,3,475.54999999999995
18062,3,474.57
15550,4,474.38
14411,1,473.4
16185,2,473.26
13493,2,473.13
13800,1,473.12
16340,1,473.11
14013,3,473.02
15511,5,472.58
17360,3,472.54
13721,1,470.94
14644,2,470.66
15031,4,470.59
16667,2,469.98
16999,2,468.92
13643,3,468.44
16933,2,467.48
12478,1,467.09
15573,2,466.59000000000003
17329,2,466.56
16504,1,465.88
14973,3,465.4
17555,2,464.86
17637,2,464.51
14967,1,463.8
17265,2,463.56
14489,1,463.38
15721,1,462.9
16696,4,462.3
14356,2,462.18
14965,1,461.64
12793,2,461.48
13539,3,460.44
13617,3,459.78
15830,1,459.5
16475,3,459.3
16589,3,459.24
15754,3,458.57
17429,3,458.52
17779,3,458.07
14320,2,457.89
17453,2,457.47
15380,5,457.36
14338,1,457.12
16005,4,456.66
14513,3,455.59000000000003
17623,1,455.45
17520,1,455.21
15574,4,454.69
15300,1,454.44
15205,2,453.69
18158,2,453.4
16385,3,453.01
13248,2,452.93
13812,3,452.1
15655,1,451.67
16603,2,451.21999999999997
14396,2,451.09000000000003
15181,3,450.68
13489,4,449.52
15142,1,449.24
15739,1,449.12
16364,2,448.89
13292,2,448.69
16008,3,446.98
15091,1,446.71
14504,4,446.26
12808,3,445.7
14177,4,445.11
15303,1,444.42
14896,2,444.32
13925,4,444.3
12883,4,444.12
13368,2,444.1
13816,2,443.82
14720,3,443.16
15208,5,442.57
12414,3,442.41
17513,1,442.4
16898,3,441.43
13023,2,441.2
17345,4,440.99
17874,6,440.21
14022,1,440.0
14077,5,439.97
12811,2,439.95
15585,1,439.4
12612,1,438.69
17454,4,438.38
17631,3,438.23
14645,2,438.14
16418,3,437.92
14036,1,437.35
18246,2,436.9
12942,3,436.55
16518,2,436.07
16574,1,435.53999999999996
12784,1,435.21999999999997
15000,1,435.12
16368,2,435.11
16948,3,435.02
15963,2,434.36
14460,3,434.34
16031,2,434.05
15643,3,433.95000000000005
14093,1,433.86
14158,1,433.86
12426,1,433.38
12601,5,432.11
12418,1,432.08
16881,1,432.0
16038,3,431.97999999999996
15068,2,431.81
12644,1,431.15999999999997
12390,1,431.14
15471,1,431.08
15368,1,430.44
12827,3,430.15
17295,3,430.0
16820,1,429.86
14593,3,429.6
15230,2,429.6
14335,2,429.36
17370,4,429.18
12436,1,429.01
13602,1,428.89
17985,1,428.85
16805,2,428.79
15006,1,428.73
17140,1,428.62
15360,1,427.93
15756,4,427.86
17579,3,427.65
16906,4,427.39
16495,2,427.26
14882,2,426.8
12479,1,426.35
13176,1,425.04
14157,2,424.89
13390,1,424.68
14820,4,423.79
17545,3,423.62
14002,2,423.58
16119,2,423.36
16025,1,423.15999999999997
18240,1,422.58
16884,2,422.34
16345,1,421.76
15720,1,421.43
14871,4,421.38
18006,1,421.13
14149,1,421.12
16616,2,420.52
15206,4,420.3
13623,5,420.09
14124,1,419.58
13046,2,419.11
13865,4,419.06
18176,1,419.05
15361,1,418.92
14342,4,418.76
12787,3,418.65999999999997
13485,1,417.84
16737,1,417.6
16034,3,417.45000000000005
12589,2,417.28
16141,1,417.2
13506,2,416.77
16236,1,416.3
17198,3,416.17
15803,1,415.82
17290,2,415.26
16643,1,415.11
12993,4,414.76
16955,4,414.67
18071,2,414.4
12355,1,414.0
14496,2,413.96000000000004
15589,3,413.73
13974,1,413.59
16834,1,413.46
17321,1,413.36
16654,4,412.77
18034,2,411.73
14628,2,411.71
16272,1,411.7
15891,1,411.28
17880,1,411.21999999999997
17232,2,410.82
12420,1,410.54
15099,1,410.48
12667,1,410.22999999999996
14048,1,409.93
12990,3,409.5
17564,3,409.36
15456,3,409.09
13169,2,406.88
15127,1,406.53
15475,1,406.31
14616,3,406.08000000000004
16116,1,406.08
12391,1,405.81
18043,3,405.74
12461,1,405.58
15147,1,405.4
12922,1,405.38
17495,2,405.26
15448,1,405.04
16319,1,404.40000000000003
15877,2,403.73
15523,1,403.51
18036,3,403.12
16824,2,402.74
15780,3,402.08
12592,2,401.6
15158,1,401.40000000000003
14130,1,401.26
16816,4,401.16
16750,5,400.93
14780,2,400.88
17235,2,400.21
12743,2,400.18
13728,6,399.94
15121,2,399.07
15957,1,399.04
16706,3,398.1
15522,2,397.99
12508,2,397.88
18104,1,397.64
12802,1,397.58
13398,1,397.49
12596,2,397.46999999999997
13594,1,396.97
16142,1,396.84
13276,2,396.68
12631,1,396.0
14331,2,395.76
15386,1,394.14
15264,1,393.74
17913,2,392.75
15646,3,392.28999999999996
14139,1,391.92
13889,1,391.9
13044,1,391.72
12403,1,391.7
16529,1,391.65
17526,4,391.6
15342,1,391.14
15821,2,390.61
12982,1,390.54
17515,4,390.27
13885,2,390.2
17379,1,389.72
14752,1,389.64
13385,1,389.17
15592,1,388.58
13856,3,388.5
15938,5,387.58
14420,1,387.52
15994,1,387.37
17508,1,387.31
16535,1,387.25
16488,3,387.1
12616,2,386.8
15258,2,386.76
13615,1,385.89
16010,3,385.65
16298,3,385.2
16204,1,384.18
17205,1,384.08
16982,1,384.06
15424,2,383.34
15553,1,382.63
15725,1,382.25
12593,3,382.1
17483,3,381.64
17573,3,380.6
17031,2,380.35
12447,1,379.79
12580,1,379.7
17197,1,379.11
13741,3,379.03
12740,1,378.8
17078,2,378.2
14670,2,377.96
15468,1,377.91
14078,6,377.32
16484,2,376.8
17950,3,376.75
17489,2,376.64
13936,1,376.58
12930,2,376.05
12707,1,375.82
14288,1,375.59999999999997
14317,1,375.58
12735,2,375.07
12386,2,374.9
14910,4,374.65
17431,1,374.09999999999997
17146,2,373.98
15349,2,373.76
16233,2,373.38
17053,1,373.08
14289,6,373.06
15930,1,372.78
12491,1,372.55
12981,2,372.21999999999997
13300,1,371.89
12725,1,371.8
15695,2,371.73
18155,3,371.62
18205,2,371.36
16374,2,371.28000000000003
15975,1,371.01
15976,2,370.84000000000003
16968,2,370.73
16947,1,370.68
16084,1,370.58
17052,1,370.39
18252,2,370.32
15186,2,370.01
16324,3,369.89
17711,2,369.8
13261,2,369.6
17076,3,369.08
12890,1,368.46999999999997
17770,4,368.17
14272,2,368.15999999999997
12987,2,367.45
16795,1,366.78
16780,2,366.64
12832,2,366.53000000000003
15557,1,366.26
17226,1,366.04
14448,2,365.4
12871,2,365.34
16943,3,365.28000000000003
15949,2,364.71999999999997
17926,2,363.49
13405,3,363.351
14427,2,363.34000000000003
16239,2,363.2
17712,1,362.91
18024,2,362.83
12904,2,362.21
13579,2,362.09000000000003
15450,1,361.94
16629,2,361.88
15865,3,361.68
16305,1,361.22
15223,2,361.15
18222,1,361.15
13298,1,360.0
13656,2,359.75
14731,3,359.57
17878,1,359.55
16621,4,359.03
16441,2,358.75
17948,1,358.56
15038,6,358.54
13228,1,358.0
17025,3,357.77
13066,2,357.75
16776,1,356.59
15247,1,356.0
16693,2,355.61
14537,1,355.56
16838,2,353.9
13173,2,353.65000000000003
13210,1,353.48
15678,1,352.7
15036,3,352.01
16065,1,351.89
17398,3,351.78
12582,2,351.36
15789,1,351.3
14173,4,350.99
14377,2,350.25
12493,2,350.09
17486,1,349.97
17418,2,349.76
12498,3,349.7
13166,1,349.6
16378,3,349.45
16354,2,348.9
13790,1,348.8
15026,3,348.55
17035,2,348.53
15883,2,348.28000000000003
17114,8,348.22
16159,1,348.2
14528,1,347.21999999999997
13587,1,347.0
14620,2,346.98
14873,1,346.93
12729,1,346.81
16321,5,346.8
16250,2,346.54
15429,2,346.5
16650,1,346.32
17931,2,345.96
13091,1,345.82
12375,2,345.7
17123,1,345.3
13844,1,345.12
13531,2,345.0
12866,1,344.92
13068,2,344.0
15047,1,343.62
15520,1,343.5
12809,1,343.41
17361,3,343.35
12875,2,343.23
15012,2,343.19
17432,2,343.11
16892,5,342.99
16536,1,342.67
16851,3,342.45
13140,3,342.32
16595,1,341.96
14270,1,341.65
15406,2,340.90999999999997
18040,2,340.2
14379,2,340.15
14463,3,339.41999999999996
16545,1,339.3
15840,2,338.56
15847,2,338.52
13332,1,338.4
14029,2,337.86
13899,2,337.52
13930,2,337.34
13338,1,337.32
15900,1,337.28000000000003
12845,4,337.09000000000003
16105,1,336.96
12564,1,336.15
13487,3,336.1
18154,2,335.94
18001,2,335.93
14497,1,335.52
16275,1,335.42
16063,1,335.32
15472,1,335.16
12895,2,335.05
15334,3,334.62
14538,2,334.35
18216,1,333.85
16018,2,333.8
13216,1,333.74
16768,3,333.69
17897,3,333.51
14079,1,333.25
13670,1,333.2
13780,2,333.11
12617,1,333.08
17964,2,332.91
17375,3,332.8
13904,2,332.64
17392,2,332.52
16850,1,332.40999999999997
16803,1,332.3
16723,1,331.95
15967,2,331.93
13919,2,331.86
13291,1,331.66
15768,3,331.03
12891,3,331.0
17384,2,330.15
15130,1,330.11
16423,1,329.62
12792,1,329.59
13239,1,329.56
17154,1,329.34
16211,1,329.22
15165,1,329.15
12579,1,329.12
13874,1,329.05
13817,2,328.98
13043,1,328.82
14012,1,328.8
14998,2,328.77
14888,1,328.7
17358,2,328.46
15870,1,328.44
12999,2,328.38
15213,2,328.34999999999997
16318,1,328.15
15314,1,327.96999999999997
15918,2,327.88
16903,1,326.8
15809,4,326.62
17715,1,326.4
14987,2,326.4
17835,3,326.34
15081,5,326.2
16399,2,326.02
16830,1,325.91
17795,2,325.88
17614,1,325.32
12639,1,325.3
14886,1,325.0
12373,1,324.6
15597,1,324.57
18181,1,324.40000000000003
17357,2,324.29
17911,1,324.23
13351,1,323.94
18164,1,323.9
15030,2,323.88
13145,3,323.52
13358,1,323.43
13005,2,323.3
16030,1,323.29
12591,1,323.09999999999997
14067,2,322.8
14236,2,322.56
16052,1,322.26
12945,1,322.25
14484,1,321.92
13927,1,321.49
15025,1,321.36
17999,2,321.29
15236,1,321.05
16917,1,320.62
13986,1,320.46
16967,1,319.02
17157,2,319.0
13740,1,318.95
17248,1,318.65
14196,1,318.52
13085,2,318.48
12970,4,318.22
14703,1,318.17
17839,1,318.15
18066,1,318.0
17172,1,317.76
15225,1,317.7
15101,2,317.53000000000003
14850,1,317.25
15243,1,316.68
16761,1,316.62
12824,1,316.42
13494,1,316.26
13352,1,316.18
18074,1,315.45
17221,2,315.22999999999996
16091,2,315.06
16909,1,314.64
17936,1,314.53000000000003
15109,1,314.45
14470,2,314.34000000000003
18261,2,314.29
13774,1,314.15
15970,1,314.09999999999997
15889,2,314.02
16582,1,313.62
13845,1,312.98
15318,1,312.62
18067,1,312.08
16450,1,311.92
15326,1,311.71
14327,1,311.65
13893,1,311.5
13990,1,311.3
13897,1,311.16
16763,1,310.85
16207,1,310.38
15363,1,310.1
15661,2,309.8
14339,1,309.52
18117,1,308.9
17229,2,308.81
14171,1,308.44
13821,2,307.99
12365,1,307.94
13359,1,307.06
16758,1,307.04
17334,2,307.02
15087,1,306.94
16885,3,306.91
13563,2,306.88
17237,2,306.74
16668,6,306.72
13762,1,306.72
12873,1,306.0
18081,3,305.7
16796,1,305.62
16181,1,305.53999999999996
14988,1,305.29
13045,1,305.28000000000003
18220,1,305.28
17973,1,305.24
15149,1,304.95
17941,1,304.56
17917,3,304.38
14431,1,303.65999999999997
14757,1,303.2
17595,2,302.84
14206,1,302.65999999999997
18165,1,302.46
16715,1,301.71999999999997
15667,1,301.32
15148,1,301.29
16625,1,300.68
15942,1,300.54
14762,1,300.52
15385,1,300.38
15254,1,300.36
15837,1,300.23
16135,1,300.2
13497,2,300.2
13745,1,300.04
13345,1,299.7
14902,1,299.66
13657,2,299.64
16071,1,299.29
14024,2,298.45
17824,1,298.4
12844,2,298.36
17678,1,298.11
14348,1,297.87
13673,2,297.79
12532,1,297.33
15857,1,297.0
15098,1,297.0
12527,3,296.71
13441,1,296.64
17525,1,295.5
13954,2,295.32
16998,4,295.0
17239,1,295.0
14142,1,294.81
14265,2,294.73
16193,1,294.55
16499,2,294.55
12350,1,294.4
15732,2,294.12
18056,1,293.7
17914,1,293.56
16957,2,293.44
15466,1,293.33
17163,2,293.1
14500,2,293.1
15664,1,292.68
13473,2,292.04
13347,1,291.36
13116,1,291.29
13706,1,290.89
16648,1,290.66
13923,1,290.63
18059,3,290.56
13417,2,290.48
16739,1,290.15
17464,1,289.96000000000004
15901,3,289.88
16810,1,289.64
17176,1,289.63
16473,3,289.16
14622,1,288.78000000000003
13255,2,288.46
15440,3,288.43
14205,2,288.2
15922,1,288.2
12452,1,287.67
16689,2,287.4
14690,2,286.9
13760,2,286.79
16198,1,286.281
12695,4,285.8
13727,2,285.78
14555,2,285.54
15880,1,285.43
17978,1,285.02
12544,1,284.9
14716,2,284.65999999999997
14729,1,284.04
12448,1,283.95
16404,1,283.95
16930,3,283.89
17615,3,283.85
15184,2,283.45
17788,2,283.2
17694,1,283.12
17438,1,283.05
18053,1,283.02
17510,1,282.98
14350,1,282.93
13177,1,282.45
16292,1,282.35
15381,1,282.3
15469,2,282.1
14985,2,282.06
16366,1,281.9
17551,1,281.84
17458,1,281.65
16478,2,281.5
16848,1,281.42
18250,1,281.32
15048,4,281.3
15675,3,281.24
16586,1,280.95
16149,2,280.52
14975,1,279.94
16915,4,279.63
15092,2,279.61
17760,2,279.09
13873,3,279.05
16721,1,278.97
16343,2,278.83
14764,1,278.3
17866,1,278.0
15551,1,277.71
13142,1,277.24
13803,1,277.07
17267,2,276.85
13372,1,276.54
17250,2,276.37
17362,2,276.28
13343,1,275.93
14947,2,275.82
13121,1,275.48
15018,3,275.36
17869,5,275.03000000000003
17252,2,274.96
16217,2,274.95
13092,5,274.93
17138,1,274.4
13708,1,274.38
12410,1,274.23
16674,2,273.69
15766,1,273.66
16125,1,273.45
14951,1,273.44
14594,2,273.28000000000003
16386,2,273.07
12733,1,272.7
16855,2,272.3
17498,1,272.21999999999997
13502,3,272.09999999999997
15507,1,271.76
16372,2,271.48
16400,1,271.08
13449,1,271.03000000000003
13439,1,271.01
17011,1,270.9
13787,2,270.79
17070,1,270.44
13242,3,270.40000000000003
12558,1,269.96
16297,1,269.9
16823,1,269.68
14638,1,269.6
13304,1,269.57
16555,2,269.39
12623,1,269.1
13887,1,268.95
15609,1,268.78
15060,4,268.75
15163,2,268.71999999999997
16978,1,268.43
17783,2,268.32
15872,2,268.2
16451,1,266.96999999999997
17636,1,266.81
14863,1,266.76
13837,2,266.59
18215,1,266.34000000000003
14855,2,266.15
17430,2,265.76
17255,2,265.63
12703,1,265.55
14423,1,265.2
13863,1,264.88
15054,2,264.45
12852,1,264.15
18127,3,263.93
18106,1,263.75
14619,1,263.74
17697,1,263.5
12715,1,263.36
15120,1,263.12
16322,2,263.1
15652,1,263.09
17767,1,262.95
13466,1,262.5
18078,2,262.48
17433,1,262.01
13569,2,261.47
13058,3,261.45000000000005
12384,2,261.32
13189,2,260.68
15279,1,260.61
13504,1,260.48
14053,2,260.25
17862,1,260.0
13395,1,259.92
15090,1,259.52
17501,2,259.35
13127,1,259.17
13260,1,259.02
12538,1,258.75
15320,1,258.63
15885,1,258.55
17254,2,258.44
13277,4,258.4
15014,2,257.67
15825,1,257.44
17201,1,257.28000000000003
18159,1,257.25
17604,2,257.21
17968,1,257.15
16147,1,257.0
16048,2,256.44
17896,1,256.32
16727,1,256.32
14660,2,256.24
15277,1,255.9
14761,2,255.9
16479,2,255.63
14881,1,255.4
16183,1,255.31
12648,1,255.3
16226,3,255.12
16432,1,255.0
16430,1,255.0
15781,3,254.91
16123,1,254.88
15261,1,254.82
13171,3,254.76
15912,2,254.67000000000002
15714,2,254.53
16485,1,254.35
17094,1,254.29999999999998
15517,1,254.28
16402,2,254.05
13928,4,253.67
12816,2,253.2
16936,1,252.95000000000002
13737,1,252.85
15035,1,252.73
14479,2,252.65
15346,1,252.42
13667,1,252.20000000000002
15153,1,252.2
13917,2,252.14
16836,2,251.87
12833,1,251.73
15713,2,251.6
15556,1,251.37
17496,1,251.10000000000002
16024,1,251.03
13573,2,250.75
13052,1,250.75
13649,2,250.45
15894,2,250.3
13207,2,250.26000000000002
16808,2,250.17000000000002
14480,1,250.05
14784,2,250.04
17456,1,249.85999999999999
17190,1,249.74
13259,1,249.18
13606,3,249.05
17124,1,248.94
15204,1,248.57999999999998
17330,2,248.4
16826,1,248.2
13108,1,248.06
16202,1,247.52
18072,1,247.44
16413,1,247.25
13801,1,247.1
17222,1,247.0
13976,1,246.68
14870,1,246.25
17189,2,246.15
14184,1,245.59
13453,2,245.58
15535,4,245.45
15210,1,245.28
13533,3,245.24
15118,1,244.8
15619,1,244.6
15010,1,244.44
17251,1,244.33
15224,2,244.13
17925,1,244.08
13060,1,243.93
14950,1,243.5
17339,2,243.35999999999999
12519,1,242.84
17371,3,242.65
15304,5,242.6
13589,2,242.55
12650,1,242.44
17786,2,241.9
16685,1,241.74
13626,1,241.32999999999998
16427,2,241.06
12962,2,240.89
12566,1,240.85
16313,2,240.65
13751,1,240.6
15286,1,240.55
13565,2,240.22
17256,2,240.0
15690,2,239.76
17765,3,239.63
15143,1,239.55
16104,1,239.41
13245,1,239.0
12785,1,239.0
13754,2,238.8
13479,2,238.65
13369,1,238.38
16614,1,238.29
12988,1,237.92000000000002
14520,2,237.6
14586,1,237.35999999999999
14600,1,236.43
12604,2,236.18
16026,1,236.09
14647,1,236.04
16500,5,235.86
13083,2,235.8
16330,3,235.16
16342,4,234.76000000000002
15462,3,234.6
17060,1,234.23999999999998
17708,2,233.98
13348,1,233.76
16583,1,233.45
16302,1,233.22
17531,1,233.1
17385,1,232.66
13678,1,232.6
14549,1,232.54
18213,1,232.48
13645,1,232.2
13711,2,232.16
15393,2,231.86
14501,2,231.85999999999999
17051,1,230.94
15185,1,230.72
13786,1,230.4
17691,2,230.0
12812,1,229.64
13008,1,229.47
14793,1,228.99
17347,1,228.96
13146,1,228.91
13712,1,228.84
13070,1,228.8
14523,1,228.59
13512,1,228.51
17569,1,228.24
12492,2,227.21
17506,1,227.2
12660,1,227.1
17212,1,226.85
16793,1,226.84
13955,2,226.81
16619,1,226.21
17266,3,226.03
15019,1,225.85999999999999
14624,2,225.85
15921,1,225.83
13833,1,225.45
16956,1,225.04
14304,1,224.4
18276,1,224.36
17403,1,224.26999999999998
16526,1,224.16
15175,1,224.14
16471,1,223.95
15598,1,223.68
17534,1,223.36
15637,1,223.36
15545,2,223.12
17111,1,223.11
17120,1,222.96
17732,1,222.52
14598,1,221.97
14656,2,221.5
17492,1,221.12
14819,2,221.07
13419,1,221.06
14491,2,220.98
16243,2,220.65
16482,1,220.62
13079,5,220.1
16527,1,219.81
17630,2,219.4
14242,2,219.25
18190,2,219.16
13642,1,219.07999999999998
17955,3,218.79999999999998
14847,1,218.4
13827,3,218.3
15308,1,218.26999999999998
12732,1,218.26
15724,2,218.25
15850,2,218.18
14162,2,218.06
17155,2,217.39999999999998
15457,1,217.17000000000002
16080,2,217.16
16552,2,217.03
15483,4,216.76
12897,2,216.5
15604,1,216.39
17436,2,216.3
14953,1,216.27
17736,2,215.59
15623,1,215.53
16961,1,215.42000000000002
14357,1,215.17000000000002
15097,1,215.07999999999998
17793,1,214.44
13718,2,214.3
18185,1,214.25
16641,1,214.1
15783,1,214.1
14601,1,213.96
16778,2,213.94
13621,1,213.85
17771,2,213.71
14241,1,213.70000000000002
14375,1,213.41
15540,1,213.3
14311,1,213.01
16356,3,211.77
13570,1,211.64000000000001
15703,1,211.5
13271,1,211.49
15528,1,211.43
12995,1,211.32
17045,2,210.24
14474,1,210.06
15579,2,209.85
16858,1,209.64
15577,3,209.53
13828,1,209.49
18193,1,208.91
16690,2,208.63
15897,2,208.59
14633,1,208.4
16457,1,208.36
14068,1,208.35
15969,3,208.2
16445,1,208.06
17923,1,207.5
16323,1,207.5
13099,1,207.36
15820,1,206.98
15096,1,206.89
17572,4,206.85
17892,3,206.15
12797,1,206.13
17278,1,206.09
13886,1,206.06
17247,1,205.99
13669,2,205.8
13806,1,205.63
17134,2,205.35
15758,1,205.25
16557,2,205.2
13929,2,204.45
17912,5,204.26
17206,1,204.24
16812,1,204.15
18273,3,204.0
13017,1,204.0
18112,2,203.99
17891,1,203.85999999999999
13532,1,203.56
14995,2,203.43
16392,1,203.29
14381,1,202.68
16447,1,202.66
15634,1,202.65
14569,1,202.49
14385,3,202.10999999999999
17080,2,201.72
15347,1,201.6
17153,1,201.28
12834,1,201.08
12915,2,201.05
17684,1,201.01
12702,1,201.0
17742,2,200.86
17830,3,200.75
14532,3,200.4
13061,1,200.31
17181,2,200.12
14782,1,200.1
14805,4,199.95
16338,1,199.85
13544,2,199.46
12790,1,199.42
13404,2,199.29
17855,1,199.01999999999998
16753,1,198.92
14915,2,198.57999999999998
17987,1,198.57
17619,1,198.47
12450,2,197.88
16846,1,197.82
14789,1,197.64
12690,1,197.60999999999999
13349,1,197.32
13382,1,197.14
15234,1,197.0
15746,1,196.88
13978,2,196.79
17929,1,196.2
13932,1,195.8
16112,4,195.74
12402,1,195.6
17010,1,195.36
16117,1,195.31
16756,1,195.15
14114,1,195.13
17860,1,194.65
17475,1,194.37
17394,1,193.92000000000002
16596,2,193.85
15683,1,193.75
17701,1,193.65
15198,2,193.64
12561,1,193.55
17383,1,193.39000000000001
13503,1,192.95
14768,2,192.6
13513,1,192.6
14517,2,192.55
12953,1,192.45
17166,2,192.44
17303,1,192.24
13272,2,192.16
17608,2,191.99
15909,1,191.94
18270,2,191.70000000000002
17789,1,191.65
14087,1,191.47
12489,1,191.43
12614,1,191.15
15692,1,191.04
15396,1,190.98000000000002
17081,2,190.86
12515,1,190.8
13033,1,190.55
16415,1,190.32
14823,3,190.28
14570,2,190.20999999999998
13227,1,190.2
12831,1,189.55
15355,2,189.3
16528,1,189.06
15405,1,188.9
15193,1,188.42000000000002
12888,2,187.92000000000002
17514,1,187.65
14779,3,187.55
18013,2,187.29
16215,1,186.9
13973,1,186.75
17171,1,186.71
18126,1,186.42000000000002
17440,3,186.42000000000002
14954,1,186.2
14958,3,186.13
13322,1,185.98000000000002
16769,1,185.94
17550,3,185.91
16189,2,185.57999999999998
13474,1,185.24
13529,2,185.21
17376,2,185.0
12750,1,184.98
14452,2,184.75
13482,1,184.64
14806,1,184.44
12882,1,184.44
16278,1,184.03
14326,1,183.85
16883,2,183.78
17928,2,183.64000000000001
14059,1,183.6
14964,1,183.51
14508,2,183.5
13460,2,183.44
13792,2,183.05
14966,1,183.02
16411,2,182.9
17977,1,182.89
12718,1,182.35
16829,1,181.32
12863,1,181.2
16627,1,181.1
17976,1,181.04
15945,1,181.0
18110,1,180.9
14830,1,180.63
15115,1,180.56
13710,1,180.48
14908,1,180.3
15612,2,180.15
14804,1,179.82
18147,2,179.34
15895,1,179.17
14705,1,179.0
16990,1,179.0
15139,2,178.95999999999998
13778,1,178.7
13411,1,178.6
17356,1,178.22
15639,1,178.02
17223,2,177.84
12791,1,177.6
16403,1,177.5
13618,1,177.34
16781,1,177.2
14264,2,177.17
13072,1,177.15
14747,1,176.95
16847,1,176.94
17947,1,176.68
14287,3,176.63
12893,1,176.55
18108,1,175.8
14512,2,175.63
15107,5,175.5
18212,1,175.47
14666,1,175.35
16601,1,174.95
12361,1,174.9
15699,1,174.6
13972,2,174.35
17125,1,174.3
16593,3,174.07999999999998
18278,1,173.9
17670,1,173.9
12586,1,173.84
16861,2,173.76
14798,3,173.74
16565,1,173.7
14929,1,172.88
16634,2,172.5
17908,1,172.48
13220,2,172.44
18048,2,172.29
16017,1,172.03
15345,1,171.49
17245,1,171.45000000000002
13560,1,171.42000000000002
15432,1,171.19
15886,1,171.14
15567,1,171.06
14860,1,170.32
18058,1,170.16
15437,1,169.81
12581,1,169.76
15774,1,169.6
16509,1,169.5
14218,1,169.48
15925,1,168.9
17660,1,168.8
16647,2,168.76
14578,1,168.63
18269,1,168.6
12430,1,168.6
13428,1,168.38
13295,1,168.3
17737,2,168.24
15986,1,168.12
14924,1,168.05
12551,1,168.0
16405,2,167.25
17693,1,166.47
13859,1,166.31
14295,1,166.2
17650,1,166.07999999999998
15316,1,165.0
13470,2,165.0
17535,1,164.4
16177,1,164.35
17187,1,164.15
16914,1,163.86
14697,2,163.76
17969,2,163.65
14354,2,163.62
13223,2,163.2
18274,1,163.17
17194,1,163.12
18005,2,163.02
14476,1,162.8
15119,1,162.8
12574,1,162.55
13568,1,162.45000000000002
12672,1,162.3
18009,1,162.04
15262,1,161.95
15325,1,161.74
15458,1,161.64
16274,1,161.3
16887,1,160.83
18099,1,160.36
16282,1,160.35
18146,2,160.35
18119,1,160.25
17580,2,160.07
17040,1,159.78
13592,3,159.51
13960,2,159.42
17582,1,159.37
17367,1,159.04999999999998
18224,1,158.95
13937,1,158.85
14355,1,158.5
15776,1,158.47
15160,1,158.16
15348,1,158.04
17877,1,158.01
15689,2,157.8
17843,1,157.78
17233,1,157.63
16425,1,157.4
17118,1,157.02
12522,2,156.72
15344,1,156.54
15154,1,156.23
17871,1,155.9
17574,1,155.8
12441,1,155.55
17832,1,155.37
14046,1,154.99
17698,1,154.95
15740,1,154.88
16517,1,154.75
17879,1,154.67000000000002
14722,1,154.57
15124,2,154.34
16351,1,153.9
16895,1,153.17000000000002
17714,1,153.0
14765,3,152.96
16248,1,152.94
12923,1,152.92000000000002
17301,1,152.84
17707,2,152.4
15920,4,152.3
14039,1,152.2
17898,2,152.06
12547,2,151.8
18169,1,151.65
16510,1,151.55
15041,1,151.48
13697,1,151.3
14073,1,151.04
12367,1,150.9
12573,1,150.59
14082,1,150.45
18200,1,150.35
15717,1,150.3
18101,2,150.2
16178,1,150.1
13723,1,150.1
13926,1,150.1
16680,1,149.7
15869,2,149.64
16965,1,149.54
14552,1,149.52
18262,1,149.48
13003,3,149.05
14518,1,148.92
13284,1,148.74
14585,1,148.55
15335,1,147.82
12966,1,147.68
14098,1,147.35
12864,1,147.12
17849,4,147.1
16773,1,147.04
16897,2,146.98000000000002
15007,1,146.96
15460,1,146.91
12552,1,146.72
16406,1,146.4
17561,1,146.37
17889,2,146.02
16921,1,145.93
12565,1,145.92
13866,1,145.67
15937,1,145.35
17668,2,145.25
13858,1,145.17000000000002
18045,1,145.09
16598,1,145.05
17524,1,145.0
15319,1,145.0
16620,2,144.96
17603,1,144.72
12795,1,144.63
14485,1,144.35
14100,1,144.25
12442,1,144.06
17186,2,144.0
12736,1,144.0
14960,2,143.82
15454,1,143.7
15670,1,143.65
17578,1,143.45999999999998
14147,2,143.39999999999998
17556,1,142.95
17286,1,142.87
16287,1,142.5
14089,1,142.25
17026,2,142.08
15866,1,142.04
16315,1,142.02
17859,1,141.92
17542,1,141.55
14041,1,141.41
13187,1,140.82
15388,1,140.54
14932,1,140.43
13483,1,140.34
14052,1,139.91
15343,1,139.8
17885,1,139.59
14494,1,139.56
15263,1,139.51
14037,2,139.25
16113,1,139.18
16617,1,139.1
18209,1,139.1
14968,1,139.09
15135,1,139.05
13273,1,138.98
13898,1,138.93
17680,1,138.9
17415,1,138.44
13065,1,138.41
17122,1,138.32
13716,1,138.28
14801,1,138.09
13279,1,137.75
17935,2,137.29
14483,1,137.1
17468,2,137.0
18280,1,137.0
14406,1,136.85
15691,1,136.8
17958,1,136.16
16412,1,135.99
14889,1,135.9
16179,1,135.88
15419,1,135.86
15174,1,135.75
16114,1,135.75
17343,1,135.39000000000001
13462,1,135.0
15562,1,134.55
16932,1,133.73
14473,1,133.44
17881,1,133.35
15709,1,133.25
14551,2,133.23
16337,1,133.15
16835,2,133.15
18014,1,132.62
17344,1,132.62
15790,1,132.55
16448,1,132.49
13262,1,132.29
16072,1,132.17
18088,1,132.03
14438,1,131.9
17984,1,131.68
17128,1,131.59
14109,1,130.9
15554,1,130.4
14581,1,130.35
15723,1,130.25
17030,1,129.87
17600,1,129.72
15447,1,129.67
16623,1,129.45
12602,1,129.22
15226,1,128.91
12641,1,128.9
17517,1,128.44
15904,1,128.23
16720,1,128.2
15167,1,128.05
16587,1,127.85
15052,1,127.83
14714,1,127.53999999999999
13364,1,127.46000000000001
14772,1,126.50999999999999
15463,1,126.14
12817,1,126.03999999999999
16893,1,126.03
12968,1,126.0
13522,1,125.8
14861,1,125.78999999999999
14890,1,125.65
14362,1,125.25
16190,1,125.22999999999999
15327,1,125.1
14349,1,125.0
17772,2,125.0
17148,1,124.88
15663,1,124.64
16096,1,124.62
14174,1,124.51
12509,1,124.5
12512,2,124.23
18030,2,123.95
12622,1,123.85
14495,2,123.80000000000001
15565,2,123.66
17785,1,123.44
13229,1,123.15
17165,1,122.88
13980,1,122.84
15503,1,122.59
16073,1,122.4
15408,1,121.98
14204,1,121.81
17899,1,121.7
12618,1,121.41
13182,1,121.18
15049,1,121.17000000000002
15512,2,121.0
12920,1,120.93
17446,2,120.89999999999999
16433,1,120.66
18015,1,120.03
17854,2,120.01
14681,3,120.0
14314,1,120.0
17142,1,119.69999999999999
16542,1,119.62
15307,1,119.2
15578,1,119.15
13600,1,119.02
16666,1,118.98
15269,1,118.8
17079,1,118.8
14155,1,118.75
15543,1,117.91
16959,1,117.35
13877,1,117.24
16594,1,117.09
14238,1,117.0
16679,1,117.0
15374,1,117.0
13603,1,116.94
13029,2,116.5
15438,1,116.48
15593,1,116.4
15988,1,116.13
14727,1,116.03
17601,1,116.00999999999999
15350,1,115.64999999999999
15017,1,115.63
16777,2,115.57
18027,1,115.31
17817,2,114.43
17852,2,114.34
14066,1,114.30000000000001
13561,1,114.25999999999999
12938,1,114.14
17234,1,114.03999999999999
12651,1,114.0
14457,1,113.64
18282,2,113.55
13436,1,113.53999999999999
16828,1,113.5
16913,1,113.44
16124,1,113.4
15280,1,113.12
17253,1,113.01
13062,1,112.68
15610,1,112.46000000000001
15733,1,112.4
18004,1,112.37
13514,1,112.3
12756,1,112.08
17455,1,111.8
15292,1,111.69
17957,1,111.68
17409,2,111.55
13002,1,111.0
14813,2,110.93
15853,1,110.8
15973,1,110.72
16963,1,110.55
14641,1,110.46000000000001
16097,1,110.4
12738,1,110.39999999999999
12734,1,110.39999999999999
17836,1,110.21000000000001
16971,1,109.96000000000001
15435,1,109.94
15852,2,109.71000000000001
16050,1,109.5
14699,1,109.13
17374,2,109.07000000000001
14345,1,108.98
15844,1,108.84
18191,1,108.8
15659,1,108.45
16106,1,108.38
16866,3,108.24000000000001
17274,1,107.82
14340,1,107.7
13598,1,107.69
16784,1,107.6
16591,1,107.3
16757,1,106.83
15070,1,106.2
17791,1,106.1
17219,1,105.98
16581,1,105.84
13672,2,105.39
14368,1,105.2
12851,1,104.91
14689,1,104.85
14027,1,104.82
16611,1,104.49
14413,1,104.35
18114,1,104.15
14247,1,104.12
14259,1,104.1
18174,1,104.0
12587,1,104.0
18105,1,103.53
18255,1,103.3
17548,1,103.3
14542,1,103.25
14453,1,103.23
14836,3,102.45
15923,1,102.43
13826,1,102.3
15748,1,102.16
14981,1,102.12
13170,1,102.06
17279,1,101.92999999999999
16952,2,101.75999999999999
14076,1,101.72
16516,1,101.69999999999999
16006,1,101.4
18086,1,101.34
16424,1,101.16
17549,2,101.16
14208,1,101.14
16344,1,101.10000000000001
14946,1,100.9
14371,1,100.5
13103,1,100.24
18129,1,99.8
17359,1,99.71
13188,1,99.6
17939,1,99.14
14632,1,98.66
15256,1,98.45
17538,1,98.42
15422,2,97.7
17217,1,97.6
12984,1,97.5
17900,2,97.19999999999999
13638,1,97.14
18277,1,97.08
17325,1,96.8
14642,1,96.11999999999999
17024,3,95.85
16483,1,95.7
18249,1,95.34
12531,1,95.27
16387,1,94.36
14652,1,94.28
14582,1,94.21000000000001
18033,1,93.82000000000001
15428,1,93.78
13283,2,93.66
14386,1,93.6
18042,1,93.35
16498,2,93.02
17718,1,93.0
18011,1,92.84
14280,1,92.64
14054,1,92.46000000000001
17962,1,92.46
14271,1,92.42
17297,1,91.83
15888,1,91.81
13739,1,91.8
17904,1,91.62
13067,1,91.61
16665,1,91.45
16658,1,91.44
13101,1,91.24
13663,1,91.07
15935,1,91.04
17018,1,90.9
14353,1,90.6
18084,1,90.48
16506,2,90.3
15552,1,90.12
14117,1,90.0
17972,1,89.59
14760,1,89.2
15276,1,89.03
14853,2,88.5
15775,1,87.9
15958,1,87.85
13244,1,87.84
12902,1,87.78
15607,1,87.75999999999999
16792,1,87.67999999999999
13420,2,87.6
15180,1,87.5
17893,1,87.31
12829,2,87.0
15016,1,86.54
15537,1,86.02
12814,1,85.92
13059,1,85.64999999999999
13226,1,85.51
15541,1,85.13
14248,1,85.08
14962,1,85.05
13841,1,85.0
15729,1,85.0
17967,1,84.42
13876,1,83.8
14658,2,82.8
13299,1,82.8
16213,1,82.5
17647,1,82.11
13962,2,82.1
14984,2,82.07000000000001
13690,1,81.6
17895,1,80.85
16789,1,80.8
13922,1,80.7
13967,1,80.7
15843,1,80.7
17654,1,80.65
17752,1,80.64
15397,1,80.5
12884,1,80.25
15412,1,80.03
14974,1,79.99000000000001
13133,2,79.95
17946,2,79.78
12588,1,79.65
15705,1,79.5
15753,1,79.2
15221,1,79.2
16078,1,79.2
13519,1,78.95
16055,1,78.0
16752,1,77.7
17349,1,77.55
16597,1,77.53999999999999
17942,1,77.5
14237,1,77.45
14785,2,77.4
12445,1,77.4
15759,2,77.24
12974,1,77.15
13947,1,77.1
13992,1,76.8
16461,1,76.67
14436,1,76.56
16569,1,76.5
13106,1,76.5
12464,4,76.5
16148,1,76.32
16976,1,76.32
15668,1,76.32
18113,1,76.32
14090,1,76.32
15488,1,76.32
17995,1,76.1
17110,1,76.1
17309,1,76.0
13160,1,75.9
13584,1,75.75
17628,1,75.75
17038,1,75.75
12821,1,75.72
16610,1,75.66
16363,1,75.36
18120,1,75.35
14165,1,75.24
13403,1,75.0
17746,1,74.8
12956,1,74.67
14970,1,74.51
13095,1,74.4
18050,1,74.4
16519,2,74.38
13193,1,73.88
17960,1,73.78
12659,1,73.67999999999999
18032,1,73.5
14219,1,73.44
17117,1,73.35
16171,1,73.19999999999999
15219,1,73.0
17988,7,72.92
16849,1,72.27
16247,1,72.25999999999999
13686,1,72.0
13938,1,71.66
13185,1,71.4
17747,1,71.4
12686,1,71.14
17022,1,71.0
16852,2,70.96000000000001
12929,1,70.95
14333,1,70.7
15063,1,70.2
13948,1,70.19999999999999
13699,1,70.08
14104,1,69.71
14536,1,69.25
15944,1,68.9
13161,1,68.75
15445,1,68.1
16988,1,67.87
17991,2,67.85
18138,1,67.8
13666,3,67.65
12548,1,67.19999999999999
13508,1,66.42
18203,1,65.32000000000001
13684,1,65.13
14143,1,64.8
16227,1,64.02
13130,1,64.0
14437,1,63.0
14840,1,62.85
15083,1,62.699999999999996
13218,1,62.64
16468,1,62.4
17781,1,62.17
15212,1,62.0
18010,1,61.6
13194,1,60.7
15917,1,60.55
13809,1,60.300000000000004
13132,1,60.3
15045,1,60.06
12504,1,60.0
17174,1,59.9
15168,1,58.86
17643,1,58.8
14957,1,58.49
13080,1,58.08
12506,1,57.6
13581,1,56.95
17263,1,56.690000000000005
17775,1,56.4
12881,1,56.3
13366,1,56.16
17906,1,55.95
13781,1,54.64
13807,1,54.6
15516,3,53.93
18018,2,53.589999999999996
13551,1,53.550000000000004
17639,1,53.45
13296,1,53.4
15504,1,52.83
13832,1,52.2
14865,2,52.2
12837,1,52.1
14682,2,52.0
15313,1,52.0
17844,1,51.559999999999995
14351,1,51.0
16697,1,50.85
13011,1,50.55
17382,1,50.4
15836,1,49.97
18184,1,49.8
13651,1,49.8
14821,1,48.8
15603,1,48.480000000000004
15266,1,47.7
15395,1,47.550000000000004
17620,1,47.44
13144,1,47.2
17887,1,47.05
18281,1,46.92
15042,1,46.68
14080,1,45.599999999999994
14693,1,45.4
12665,1,45.0
17351,2,44.05
15899,1,43.5
14300,1,43.2
14393,1,42.150000000000006
14661,1,41.05
14972,1,40.97
15178,1,40.5
15257,1,40.2
17709,1,39.5
16659,1,39.12
16832,1,39.0
12855,1,38.099999999999994
17816,4,36.56
15423,1,36.0
15863,2,35.49
16856,1,35.4
17831,1,35.4
14576,1,35.4
17901,1,35.03
15744,1,34.8
13682,1,34.0
14799,1,33.65
16926,1,33.45
18037,6,33.17
15216,1,33.0
12401,1,32.85
16414,2,31.6
13120,1,30.6
16339,1,30.45
18227,1,30.0
15657,1,30.0
17427,1,30.0
14148,1,29.7
12353,1,29.299999999999997
18019,1,28.5
15992,1,27.04
17986,1,20.8
16953,1,20.8
13538,1,17.85
16093,1,17.0
17763,1,15.0
13307,1,15.0
16878,1,13.3
14185,1,12.75
16349,1,12.65
14816,1,11.9
16162,1,11.9
13006,1,11.52
14373,1,10.2
14199,1,10.2
15526,1,9.14
16454,2,6.9
14792,1,6.2
16429,1,4.95
12977,1,4.29
14795,1,4.25
16738,1,3.75
13256,1,0.0
12603,1,0.0
